LAT,LONG,ALT
35.292017,74.731455,4424.159
35.070647,74.853004,3950.652
34.884055,74.880816,3344.121
34.811062,74.935411,3865.188
34.625607,74.962212,2899.05
34.405116,75.037271,3731.554
34.221905,75.106622,3473.786
34.000943,75.137468,3021.784
33.817134,75.163005,1656.316
33.527908,75.199355,2362.697
33.384078,75.216821,2065.781
33.096743,75.251539,2508.973
32.920158,75.357904,2279.673
32.747551,75.590659,2352.058
32.610608,75.818059,1124.165
32.47235,76.002305,1237.705
32.368581,76.139965,1978.949
32.193575,76.284538,868.915
32.018715,76.428297,969.276
31.914074,76.522498,589.002
31.701979,76.585412,942.609
31.523778,76.561414,788.358
31.308417,76.458125,417.666
31.236636,76.423811,306.89
30.982048,76.201614,252.954
30.910308,76.167566,258.26
30.368132,75.769778,236.772
30.331602,75.732453,244.428
30.147226,75.505352,222.923
29.783964,75.216534,206.686
29.314551,74.899218,194.627
29.239469,74.78478,191.852
28.951827,74.611876,203.39
28.843666,74.542234,220.255
28.770415,74.468483,214.771
28.409545,74.222523,235.411
28.301394,74.153075,250.684
28.078835,73.892507,258.419
27.856159,73.631015,289.915
27.706527,73.443601,286.345
27.521943,73.260427,317.486
27.337094,73.077354,296.831
27.078019,72.820262,311.915
27.040943,72.783605,323.217
26.820734,72.604744,317.331
26.634894,72.421213,279.099
26.204394,72.223294,180.308
26.169878,72.227139,168.083
25.856496,72.221137,106.981
25.71566,72.196006,110.299
25.612177,72.207511,127.795
25.232947,72.248614,102.306
24.816583,72.249379,264.384
24.365726,72.253541,141.472
24.190442,72.230538,146.156
24.121546,72.237336,132.828
23.839717,72.183889,86.333
23.629633,72.161947,59.898
23.199422,71.999181,25
23.058021,71.971623,20.374
22.919878,71.983813,13.146
22.801497,72.233731,15.939
22.714202,72.440369,23.893
22.720626,72.519383,20.112
22.564185,72.730992,29.525
22.435824,72.860318,28.376
22.278864,73.068642,33.46
22.152982,73.233857,29.635
22.023975,73.35968,39.859
21.891923,73.446444,31.123
21.762866,73.571746,185.958
21.596261,73.660331,281.607
21.357569,73.714525,192.876
20.945511,73.778128,460.543
20.702574,73.791188,565.609
20.633128,73.794913,508.345
20.528928,73.800495,1023.516
20.25092,73.815417,619.448
19.903141,73.834112,563.065
19.344056,73.860519,1163.441
19.168707,73.86809,787.79
19.028329,73.874138,703.901
18.859475,73.958057,784.129
18.757445,74.000693,618.524
18.51816,74.087299,532.556
18.207978,74.176099,668.11
17.93459,74.299154,651.644
17.653963,74.346005,768.444
17.408546,74.391666,738.489
17.059506,74.478401,559.218
16.920467,74.5206,551.354
16.669057,74.526477,539.358
16.308624,74.534286,708.143
16.131417,74.575634,648.466
16.026356,74.615407,754.159
15.783234,74.733066,673.317
15.503536,74.851276,637.491
15.191174,75.042398,554.11
15.054661,75.156148,674.809
14.88129,75.270237,563.156
14.634145,75.385086,637.309
14.312589,75.500466,684.699
14.171816,75.576536,597.541
13.847515,75.69049,592.408
13.599319,75.840143,794.124
13.206946,76.06421,881.921
13.100404,76.138401,1008.847
12.956131,76.212729,947.89
12.704857,76.361172,841.796
12.411202,76.507531,767.981
11.968152,76.72656,734.91
11.295619,76.982427,309.641
11.035087,77.128085,361.192
10.693312,77.272483,333.108
10.498875,77.307751,335.955
10.190662,77.415414,2365.093
10.1112,77.414818,1355.884
9.800693,77.522195,411.937
9.523181,77.592207,163.646
9.410345,77.700914,108.862
9.543924,77.849032,95.953
9.745758,77.851082,149.973
10.18465,77.854381,237.676
10.382984,77.855714,281.749
10.772665,77.785225,213.729
10.927542,77.749754,224.346
11.158019,77.678324,258.219
11.194564,77.642076,264.25
11.651283,77.533816,653.478
11.838689,77.46123,452.58
11.989971,77.425076,676.531
12.365511,77.316316,771.582
12.442117,77.316503,663.86
12.627258,77.24359,665.71
12.885164,77.169322,902.058
13.142186,77.094856,827.183
13.361233,77.020524,794.332
13.585843,77.019623,753.568
13.8385,76.908399,657.624
14.024942,76.907654,592.642
14.243363,76.868863,554.597
14.42144,76.793458,542.49
14.675527,76.753983,659.106
14.99947,76.676893,785.157
15.17943,76.638126,497.027
15.42652,76.524938,413.896
15.674101,76.447122,523.615
15.818335,76.444542,532.897
15.956969,76.36828,581.04
16.098231,76.32882,509.245
16.272599,76.2518,569.161
16.446795,76.174706,532.9
16.689822,76.059269,586.337
16.899215,75.981185,528.821
17.242701,75.823136,462.478
17.446624,75.705539,435.582
17.724163,75.623152,484.218
17.89525,75.543534,488.324
18.20756,75.459861,498.773
18.514941,75.336552,575.67
18.684349,75.255044,560.988
18.856543,75.210952,667.518
18.891543,75.209639,663.147
19.30551,75.11862,492.775
19.375384,75.115967,487.413
19.926821,75.017172,533.652
20.030849,75.012239,528.34
20.547826,74.949683,312.474
20.893846,74.933081,268.93
21.307907,74.911523,156.489
21.617723,74.894126,603.994
21.861113,74.918622,339.143
22.067411,74.906954,141.166
22.413537,74.925693,304.156
22.687798,74.908381,519.393
22.859068,74.897025,500.235
23.054728,74.729711,416.793
23.086507,74.688953,406.301
23.218582,74.602651,424.971
23.350633,74.516042,333.861
23.585416,74.421442,201.327
23.888755,74.321567,175.464
24.262979,74.252278,448.687
24.468513,74.235672,488.122
24.842936,74.165731,460.942
25.219859,74.134825,524.622
25.494159,74.110376,551.549
25.871648,74.07522,507.122
26.356984,74.109867,322.581
26.565335,74.130539,329.79
26.776002,74.190732,321.096
27.023593,74.286159,350.407
27.202197,74.388932,347.738
27.419265,74.568584,345.567
27.528864,74.678034,343.224
27.70728,74.781039,350.372
27.923957,74.961042,333.626
27.996742,75.034514,329.621
28.142198,75.181571,316.174
28.362481,75.441203,286.643
28.471539,75.551329,273.199
28.832705,75.879728,231.246
28.905185,75.953605,219.296
29.014116,76.064086,219.11
29.263222,76.202504,225.12
29.405093,76.27045,221.918
29.655992,76.449601,235.098
29.764888,76.560916,243.693
29.97691,76.622876,246.744
30.120587,76.731716,255.355
30.225299,76.722526,258.661
30.438841,76.825742,280.109
30.582513,76.935382,323.001
30.692182,77.089108,863.458
30.799504,77.161625,1252.94
30.941872,77.231359,1437.767
31.08355,77.260116,2469.904
31.294702,77.241942,2090.491
31.366133,77.276901,2052.315
31.578542,77.299858,2312.141
31.72056,77.32897,2742.121
31.897027,77.31387,2737.797
32.003903,77.346132,2875.339
32.180578,77.33103,3939.732
32.251295,77.324964,4592.237
32.501634,77.343852,4737.775
32.609103,77.333766,5085.636
32.787475,77.275123,3933.226
32.965135,77.17427,5806.425
33.250008,77.020139,4280.997
33.285038,76.97445,4671.618
33.427189,76.875599,4150.499
33.605543,76.772575,4515.976
33.747942,76.672752,5023.892
33.999563,76.473478,5111.409
34.181669,76.409508,4389.987
34.254547,76.357611,4795.807
34.477019,76.330042,3714.653
34.810881,76.244757,3787.046
34.997997,76.264897,4894.327
35.002095,76.526764,2724.313
34.929983,76.709957,3046.444
34.894414,76.844781,4700.923
34.896428,77.018537,4967.894
34.827781,77.328428,5350.277
34.793143,77.417805,4885.345
34.76288,77.677877,5506.347
34.695359,77.94088,4825.377
34.588009,78.078672,5998.178
34.407544,78.222215,5018.33
34.262113,78.27717,3824.545
34.079442,78.292783,5328.827
33.860589,78.3114,4444.435
33.715269,78.323528,5822.183
33.458487,78.134572,4422.341
33.203764,78.030249,4996.756
33.024111,78.045287,5681.134
32.808152,78.063673,4800.81
32.48488,78.091028,4966.066
32.270884,78.108362,4659.449
32.129671,78.118938,4622.877
31.777037,78.145205,5073.587
31.529795,78.164021,3232.419
31.248381,78.226161,4033.036
31.107448,78.236739,2373.105
30.82676,78.257095,1474.876
30.582526,78.273914,1134.822
30.162442,78.181359,514.186
29.845957,78.042404,250.851
29.633403,77.897194,255.313
29.349125,77.677924,233.442
29.135047,77.49448,230.32
28.923519,77.390986,220.345
28.781281,77.282459,206.325
28.465104,77.147706,272.371
27.972772,76.908214,370.359
27.551567,76.702861,252
27.058201,76.426092,290.959
26.883352,76.361311,314.956
26.566485,76.189549,298.136
26.256999,76.172964,263.666
26.012237,76.073928,260.354
25.771164,76.052729,284.943
25.389689,75.964473,236.235
25.287257,75.971878,246.746
24.771493,75.92916,342.374
24.566764,75.942931,345.822
24.327939,75.958874,372.624
24.123258,75.97249,407.512
24.052996,75.938829,427.62
23.848299,75.951999,487.016
23.199529,75.989857,501.713
22.55467,76.1029,466.684
22.043045,76.16617,237.706
21.805188,76.215396,347.191
21.567232,76.264475,409.943
20.955447,76.405202,242.016
20.684097,76.491062,340.553
19.797627,76.712658,483.663
18.937442,76.889006,385.987
18.867715,76.891156,412.735
18.27657,76.946275,585.832
18.13818,76.986547,581.843
17.82344,77.030928,665.001
17.614134,77.072751,610.801
17.26564,77.154599,425.029
16.812214,77.275008,472.679
16.277576,77.320415,367.864
15.851129,77.400371,356.681
15.603626,77.477248,412.699
15.313733,77.480946,460.076
15.097333,77.519626,390.464
14.990163,77.557174,329.238
14.846363,77.595082,343.063
14.700074,77.596564,337.731
14.409362,77.635932,396.319
14.127309,77.820706,475.763
13.6114,77.896014,850.944
13.4644,77.933023,900.037
13.172368,78.043433,871.888
12.839775,78.117675,751.1
12.504122,78.191043,488.57
12.241384,78.263476,424.876
11.975397,78.299546,764.284
11.667625,78.299193,357.914
11.477358,78.335376,455.496
11.366653,78.408053,713.479
10.98389,78.515756,87.785
10.787098,78.514722,104.469
10.516169,78.586165,144.953
10.28943,78.730761,102.796
10.37603,78.840262,108.601
10.536539,78.877313,87.883
11.47544,78.880313,114.127
11.745026,78.880403,163.935
12.243751,78.880568,223.046
12.394645,78.844466,460.355
12.697061,78.808187,408.803
13.030491,78.734328,473.497
13.436994,78.659861,754.989
13.83984,78.549104,565.912
14.023424,78.511985,417.394
14.386323,78.436223,296.927
14.640391,78.397548,201.861
14.823148,78.395848,183.764
15.115011,78.393124,174.743
15.33336,78.391033,195.975
15.514631,78.38909,212.297
15.802349,78.385022,286.792
15.945964,78.382969,263
16.19695,78.379362,314.111
16.483268,78.375235,448.056
16.590489,78.373687,459.162
16.769019,78.371106,563.84
17.088138,78.365408,621.49
17.511654,78.357102,580.022
17.79345,78.351555,579.751
18.145055,78.344605,559.084
18.494573,78.336567,560.582
18.97995,78.287689,329
19.118976,78.284161,332.912
19.774191,78.193439,419.12
20.185963,78.143741,298.653
20.5594,78.021181,286.513
21.037338,77.931851,345.254
21.446536,77.87953,667.736
21.549175,77.875613,701.929
22.227704,77.737385,501.537
22.432624,77.729292,426.008
22.567359,77.686153,325.743
22.737719,77.678427,292.139
23.449657,77.570555,445.375
23.994243,77.54459,472
24.843147,77.461275,463.882
25.249881,77.401033,404.398
25.726794,77.372342,398.602
26.067718,77.351432,225.188
26.477081,77.326067,253.62
26.683322,77.35209,247.009
26.99421,77.408881,191.915
27.271108,77.468096,176.236
27.443871,77.495542,179.005
27.582403,77.525362,182.065
27.859549,77.585249,176.596
27.895236,77.622073,178
28.138177,77.68458,195.094
28.278659,77.753315,199.613
28.351498,77.866255,199.191
28.495655,78.053283,204.295
28.532554,78.129589,204.539
28.539529,78.36528,197.249
28.52023,78.91601,186.649
28.456732,79.114942,177.073
28.291763,79.396631,163.916
28.091308,79.639767,159.159
27.85705,79.88254,151.005
27.621033,80.046829,147.287
27.451796,80.130639,143.688
26.976475,80.263816,138.483
26.161476,80.368251,122.098
25.210616,80.399256,141.192
24.4646,80.421473,351.247
24.19247,80.392208,359.491
23.852543,80.36494,378.811
23.273893,80.3063,491.472
22.796703,80.245329,414
22.625938,80.213117,568.508
22.214609,80.112981,353.755
21.838679,80.085496,318.214
21.355342,79.913848,280.872
20.871596,79.778988,240.511
20.561488,79.749549,250.293
20.35413,79.717798,254.13
20.043438,79.688539,179.841
19.974642,79.690157,182.537
19.419688,79.629311,222.542
19.002128,79.601261,201.701
18.689516,79.607546,150.12
18.060233,79.583072,247.912
17.533086,79.591618,240.441
17.074894,79.598973,154.92
16.898363,79.601796,127.989
16.72045,79.60407,96.759
16.649153,79.604948,102.232
16.220636,79.610212,225.245
15.790904,79.615482,150.064
15.539578,79.618523,102.265
15.110488,79.731004,57.548
14.855834,79.733191,66.832
14.709524,79.734299,51.79
14.345367,79.773211,50.881
14.125227,79.774911,23.894
13.942292,79.812046,54.43
13.721792,79.849323,31.319
13.23877,79.887567,42.753
13.126747,79.888126,43.752
12.902265,79.889209,68.422
12.563117,79.890409,34.882
12.447792,79.854726,44.213
12.561351,79.854399,49.79
12.825313,79.853489,54.26
13.01286,79.852675,63.027
13.386428,79.850883,105.248
13.686398,79.885528,25.196
13.834688,79.884684,95.628
14.019585,79.883599,40.817
14.168746,79.918649,6.317
14.538725,79.987918,15.502
14.7978,80.057954,4.148
15.236502,80.12602,0
15.418647,80.160281,4.37
15.779614,80.192431,10
16.107395,80.332798,14.844
16.324228,80.402331,41.261
16.720261,80.541621,64.465
17.004438,80.57403,81.383
17.288542,80.642251,170.319
17.534881,80.638998,89.574
17.675493,80.637139,116
17.922345,80.669936,283.235
18.272874,80.665315,473.804
18.586022,80.660428,178.118
18.795521,80.693304,189.821
19.281956,80.721811,253.098
19.663562,80.75205,471.954
19.973044,80.746386,332.068
20.213459,80.741913,355.134
20.419435,80.738097,366.901
20.694809,80.769462,365.792
21.037483,80.763154,333.992
21.242425,80.759013,397.984
21.481204,80.754011,709.578
21.856188,80.74612,539.588
22.231735,80.77496,652.519
22.74248,80.800458,751.281
23.252389,80.825417,608.923
23.525413,80.893163,452.298
23.898436,80.884526,377.16
24.068664,80.917401,337.702
24.442252,80.945204,514.038
24.680285,80.976583,292.274
24.849778,80.97232,353.371
25.189511,81.001315,145.853
25.325118,80.997899,111.211
25.461573,81.031844,108.064
25.598041,81.065873,108.905
25.734524,81.099985,111.406
26.00619,81.092827,110.596
26.142728,81.127104,114.288
26.44917,81.157069,119.479
26.687708,81.188949,116.555
26.858637,81.222406,120.706
27.099093,81.33048,120.949
27.272397,81.517319,115.131
27.273467,81.593812,111.023
27.245283,82.053087,110.42
27.111179,82.246274,100.035
26.941303,82.287156,97.564
26.737838,82.366419,92.463
26.500378,82.407826,90.779
26.330552,82.410255,94.362
26.126802,82.413162,92.507
25.821661,82.455164,89.2
25.448813,82.497838,91.731
25.076362,82.540068,151.936
24.907322,82.579517,243.826
24.094717,82.62632,297.246
23.68823,82.630851,711.101
23.484881,82.633052,554.697
22.602449,82.569064,328.038
22.194201,82.536749,286.004
21.853425,82.503787,250.485
21.614582,82.469839,247.886
21.444211,82.471706,351.792
21.103303,82.475418,309.935
20.725959,82.406588,348.476
20.348555,82.374269,732.288
20.039844,82.377549,385.658
19.592498,82.346054,602.999
19.177282,82.314042,546
18.863941,82.208975,516.605
18.620411,82.175398,253.769
18.13162,82.108264,435.171
17.885723,82.074599,917.144
17.71031,82.076239,499.022
17.358977,82.079522,88.238
17.291253,82.223703,58.56
17.291883,82.259578,57.132
17.505187,82.401278,457.353
17.859998,82.649718,694.027
17.895578,82.68536,170.057
18.596261,82.931652,944.958
18.770106,83.002351,1059.257
19.151216,83.071697,809.506
20.01346,83.174165,217
20.253583,83.172559,196.671
21.178002,83.202724,590.284
21.995604,83.197269,226.923
22.675406,83.192682,572.878
23.488764,83.113239,560.759
24.403354,83.10635,267.189
24.674079,83.067002,316.888
24.945071,83.064835,236.215
25.18194,83.025503,80.782
25.453345,83.060727,78
25.691292,83.133968,78.66
25.895132,83.170096,80.079
26.09925,83.244105,79.101
26.201525,83.318994,78.796
26.372738,83.658575,78.493
26.407287,83.96136,74.74
26.101657,84.187882,63.078
26.033751,84.187737,61.428
25.558473,84.299438,68.062
25.219305,84.335931,86.147
24.744887,84.372105,113.936
24.575488,84.371651,148.435
24.236725,84.370745,343.514
23.457409,84.369241,750.428
23.389602,84.369147,621.351
22.541639,84.36798,410.122
22.473727,84.367921,363.023
21.588743,84.367785,324.01
21.520592,84.367775,293.357
20.734933,84.368048,95.025
20.56357,84.368212,342.448
20.186217,84.368568,693.094
19.842581,84.405095,212.781
19.601135,84.513748,99.27
19.600579,84.586194,127.492
19.839786,84.803501,94.692
20.113453,84.948932,124.112
20.591985,85.168043,320.075
21.036093,85.315154,130.116
21.343007,85.353306,149.626
21.445329,85.353912,184.145
22.160809,85.358294,441.148
22.807006,85.326056,498.633
23.689891,85.259003,380.196
24.503705,85.229269,207.835
24.978308,85.233892,75.718
25.215626,85.236217,61.941
25.487024,85.239223,50.362
25.690713,85.241618,50.242
25.826283,85.280964,54.484
25.860246,85.281377,53.295
26.06323,85.397348,53.26
26.231225,85.626971,56.022
26.162174,85.739557,54.937
25.888094,85.962238,46.314
25.819739,85.998843,49.488
25.717401,86.034757,43.375
25.375951,86.179155,46.992
24.831024,86.31968,103.475
24.287065,86.384431,335.15
23.744208,86.374738,188.725
23.404078,86.406668,260.1
22.961852,86.436852,243.041
22.519401,86.466866,131.247
22.348476,86.501531,151.289
22.178119,86.499309,307.385
21.972894,86.533481,584.493
21.630401,86.602418,53.865
21.49243,86.673984,62.367
21.388567,86.746111,33.947
21.456773,86.746946,47.793
21.933618,86.790826,84.698
22.34194,86.833875,71.392
22.512262,86.836484,79.777
22.716268,86.840257,110.597
23.02147,86.883055,136.292
23.360578,86.926707,137.899
23.70031,86.933276,136.627
23.870122,86.936573,130.586
24.243505,86.945171,292.326
24.413239,86.949164,300.278
24.719474,86.918786,123.771
25.195434,86.892224,37.307
25.399213,86.897333,39.057
25.535165,86.901003,36.438
25.77316,86.907432,44.126
25.908546,86.949087,47.256
25.632378,87.168894,37.855
25.186925,87.34568,42.322
24.981568,87.415863,148.768
24.845686,87.412124,301.586
24.606268,87.481054,303.559
24.162939,87.543936,149.548
23.958243,87.575699,59.446
23.548511,87.640586,38.296
22.96927,87.66384,32.218
22.659969,87.768038,6.903
22.486613,87.87537,5.275
22.344821,88.058087,5.018
22.753688,88.068814,9.086
22.890968,88.035206,13.415
23.438681,87.937613,29.994
24.056539,87.728962,46.487
24.229131,87.621126,74.606
24.535793,87.592304,107.867
24.774486,87.561392,151.215
25.047135,87.531315,94.438
25.285756,87.500142,30.138
25.762713,87.477481,40.017
25.83002,87.517811,40.386
26.340691,87.53464,59.903
26.510264,87.578653,83.525
26.642007,87.813823,128
26.709381,87.854732,223.519
26.80833,88.012335,736.435
26.872199,88.207579,910.339
26.97175,88.327263,2070.328
27.208542,88.414081,2346.891
27.239868,88.531677,787.175
27.203041,88.646749,775.595
27.062029,88.835466,1828.35
26.916394,89.179216,1270.336
26.638809,89.321346,90.526
26.498726,89.430852,53.514
26.495173,89.547207,45.792
26.416867,89.853971,44.291
26.380082,89.929702,55.706
26.332706,90.317943,261.564
26.325758,90.513497,224.44
26.385554,90.752726,41.94
26.384072,90.791923,44.775
26.437169,91.188769,42.884
26.461698,91.426844,51.833
26.518883,91.709293,64.032
26.6444,91.998058,79.284
26.740519,92.165496,103.128
27.037342,92.469254,1480.473
27.106128,92.474691,2461.235
27.5135,92.6282,3159.045
27.614918,92.676853,1908.447
27.845472,92.941066,3819.658
27.979972,93.035178,2306.8
28.180364,93.219071,1761.318
28.277537,93.395316,3320.159
28.409372,93.575903,2591.372
28.506437,93.753456,3227.763
28.49532,94.003363,3206.751
28.344537,94.237849,2135.17
28.197485,94.389389,2440.021
28.050278,94.541252,607.021
27.868157,94.689637,856.838
27.831257,94.727655,986.889
27.375236,94.760803,100.208
26.990608,94.757223,99.992
26.88638,94.744761,95.468
26.680603,94.679751,175.542
26.480297,94.536596,394.088
26.277403,94.432886,1165.358
26.076938,94.287958,1207.323
25.605426,94.0369,2741.709
25.2999,93.926368,1784.678
25.098113,93.829898,1063.904
24.859526,93.770991,1425.27
24.655386,93.715253,1492.119
24.527376,93.545502,779.978
24.364919,93.373751,412.565
24.09693,93.234787,762.966
23.895406,93.140972,1018.574
23.588271,93.081084,930.303
23.450685,93.072053,826.475
23.175483,93.05405,967.036
23.00346,93.042831,641.965
22.838918,92.914125,262.536
23.094011,92.6954,902.095
23.410182,92.597903,515.848
23.755914,92.580096,662.185
23.893271,92.588564,753.743
24.14219,92.448505,111.426
24.150697,92.292298,91.82
24.090478,92.131788,71.243
23.989717,92.086212,165.808
23.925303,92.003992,88.556
24.165184,92.019235,38.889
24.632875,92.284837,29.438
24.798188,92.413914,16.847
24.961414,92.582762,22.577
25.161019,92.715172,1423.456
25.491899,92.980657,305.054
25.765023,93.044798,135.502
25.872424,92.973775,91
25.927079,92.578427,388.875
25.938762,92.340578,525.839
25.94819,92.142617,628.157
25.821881,91.895051,610.566
25.697116,91.609074,1393.078
25.668025,91.488625,1117.091
25.645692,91.212781,1439.427
25.622964,90.93803,800.457
25.633964,90.665915,338.681
25.944956,90.607567,72.493
26.244063,90.861517,37.382
26.33106,91.260091,41.678
26.420875,91.582724,58.483
26.445122,91.823173,58.762
26.568595,92.151878,71.826
26.601189,92.194436,74.601
26.789139,92.610214,85.008
26.986114,92.827484,118.32
27.082239,92.999394,414.084
27.515808,93.366313,2362.151
27.653831,93.378612,2610.005
28.000696,93.368184,1873.511
27.65014,93.461001,2326.043
27.300894,93.511174,1388.731
26.985635,93.562166,176.106
26.847393,93.54867,81.85
26.812839,93.545303,82.232
26.575353,93.441455,168.066
26.540848,93.438262,250.863
26.413277,93.223759,719.92
26.320044,93.013124,405.722
26.198266,92.68091,62.993
26.110605,92.354492,106.065
26.020571,92.068851,452.75
26.026021,91.950202,250.469
26.036617,91.713122,463.969
26.038344,91.673638,333.247
26.048474,91.436899,47.768
26.058463,91.201996,41.647
26.097604,91.087057,39.834
26.138205,90.933011,44.52
26.217296,90.663644,33.436
26.218758,90.624528,34.564
26.331338,90.357039,106.168
26.37227,90.163608,42.182
26.481323,89.974232,53.209
26.52196,89.781904,59.205
26.563511,89.550756,71.776
26.607991,89.203271,76.3
26.645381,89.088576,82.317
26.719834,88.859109,100.385
26.655482,88.70107,92.301
26.622315,88.660857,98.808
26.522872,88.540633,91.188
26.32216,88.378357,74.076
26.156401,88.179777,53.716
25.890051,87.901738,40.872
25.691563,87.627596,35.267
25.559338,87.432849,32.625
25.196737,86.816784,36.227
25.064653,86.587678,57.743
24.932283,86.359184,93.011
24.670684,85.529913,147.558
24.474153,84.073564,179.555
24.472999,83.477986,186.533
24.472159,83.291898,151.317
24.465414,82.435871,279.012
24.490664,81.765002,265.421
24.582917,81.203293,314.952
24.610205,80.866148,314.685
24.603702,80.567043,336.729
24.618824,79.816757,287.627
24.613559,79.628987,360.013
24.604645,79.328398,315.718
24.631517,79.101461,306.73
24.622831,78.838114,365.007
24.616361,78.649562,361.615
24.669285,78.230393,362.794
24.642197,77.548161,488.982
24.638993,77.472268,472.85
24.666505,77.318435,478.34
24.622312,76.362317,289.055
24.610776,76.132391,318.491
24.642322,75.433097,466.428
24.718615,74.96037,533.361
24.832539,74.561248,411.538
25.02886,73.833248,577.076
25.055609,73.711801,650.063
25.050522,73.632729,826.433
25.161818,73.224583,299.682
25.254225,73.055848,253.75
25.44986,72.874574,186.244
25.722591,72.805347,160.7
25.9319,72.823757,163.215
26.011223,72.977853,177.649
26.021463,73.13898,192.647
26.106772,74.571944,457.211
26.209655,76.643654,237.906
26.315462,78.530084,168.082
26.374969,79.369551,142.062
26.398555,80.322347,128.217
26.414538,81.119987,116.967
26.429548,82.143643,101.996
26.432817,82.446675,91.652
26.434848,82.673918,87.204
26.402044,82.825753,89.722
26.506521,83.203524,80.811
26.608423,83.202811,82.041
26.70873,82.974388,84.392
26.808974,82.707446,81.432
26.840334,82.402877,94.018
26.871049,82.098055,98.679
26.817156,80.804072,126.917
26.660029,79.855111,134.711
26.431948,78.984579,139.165
26.310464,78.376593,167.459
26.110991,77.579815,308.494
25.943195,76.816996,209.535
25.890131,76.393746,327.566
25.843236,76.125175,268.859
25.818518,75.619301,358.68
25.804554,75.345839,316.531
25.757917,75.114057,341.631
25.702369,74.130858,551.187
25.646537,73.777205,326.701
25.741016,73.087005,195.22
25.896606,72.298313,114.837
26.086793,72.031764,158.947
26.219257,71.934714,182.783
26.645914,71.554192,311.006
26.816356,71.490753,269.036
26.955189,71.472213,217.15
27.316302,71.633586,180.565
27.889764,72.391897,164.277
28.131339,72.943359,181.201
28.217509,73.876824,231.385
28.245845,74.444628,292.977
28.149502,75.341543,323.359
27.980476,76.234767,352.367
27.868245,76.87641,310.586
27.821022,77.470308,185.916
27.778769,78.255013,178.588
27.791397,78.683291,172.677
27.8368,79.069343,156.271
27.912534,79.337319,154.217
27.947758,79.374473,155.69
28.020075,79.526439,156
28.231296,79.749913,163.491
28.404055,79.780846,177.704
28.56701,79.382698,177.924
28.629908,79.144755,180.339
28.749669,78.470399,208.248
28.835747,77.872486,216.12
28.859885,77.554177,222.426
28.910209,76.993536,223.701
28.934903,76.711958,222.066
29.058368,76.300937,220.881
29.222134,76.045252,216.221
29.4225,75.824621,218.546
29.622161,75.560702,215.847
29.822311,75.294233,211.947
30.127608,75.014254,209.078
30.507009,74.805958,207.35
30.649414,74.830985,205.593
30.828775,74.893407,204.741
31.027545,75.452007,224.537
31.08112,75.985088,253.924
31.098222,76.519561,294.866
31.104346,76.724661,682.389
31.11014,76.929587,763.38
31.258475,77.203988,1056.677
31.438587,77.352933,1164.01
31.654662,77.498791,3156.769
31.869579,77.604372,5319.228
32.119839,77.707675,5760.092
32.190466,77.702004,5343.828
32.327511,77.525519,5615.894
32.427386,77.22573,3429.914
32.496426,77.093707,3360.519
32.593507,76.580022,4701.279
32.654155,76.109453,1717.905
32.788188,75.755842,2393.333
32.890706,75.574237,2582.889
33.064786,75.383511,2177.134
33.280057,75.358026,3023.533
33.9572,76.264495,5063.509
34.042578,76.725196,5398.455
34.275163,77.299052,3616.102
34.317164,77.507826,5334.838
34.503738,77.617405,4780.863
34.872147,77.624464,5645.237
34.863096,77.238462,5153.542
34.631789,76.701692,4799.227
34.480665,76.546333,3682.238
34.330177,76.434768,3744.96
34.145003,76.413781,5194.716
33.487369,76.402895,4390.993
33.057057,76.490783,4821.362
32.27887,76.904798,3976.987
31.820604,77.072133,1914.459
31.364128,77.194813,1632.699
30.661891,77.254477,1267.18
30.342827,77.118222,296.052
30.128469,76.974095,264.972
29.583342,76.375524,231.647
29.289879,75.998824,219.351
28.842456,75.272692,210.701
28.323055,74.598519,278.188
27.625208,73.859486,311.154
26.757056,73.265301,325.088
26.291842,73.02983,241.583
24.624661,72.470186,260.37
24.027396,72.367232,157.49
23.849042,72.303603,109.924
23.425817,72.219681,58.777
22.888648,72.026537,17.43
22.699215,71.843441,30.421
22.647476,71.64744,72.027
22.619067,71.326448,143.753
22.648111,70.876798,115.135
22.764479,70.62125,27.124
22.981407,70.313429,6.884
23.247199,70.162078,26.352
23.536522,70.256379,1.542
23.558675,70.501054,54.891
23.226549,70.698289,7.724
22.783156,70.823385,53.504
22.563692,70.721646,86.579
22.273974,70.624525,114.025
22.00664,70.402973,137.432
21.816169,70.256236,63.196
21.777194,70.218727,47.647
21.567755,70.237021,50.295
21.499552,70.608892,161.61
21.507528,70.689323,140.363
21.573744,71.007502,154.01
21.747273,71.356816,128.863
22.329156,71.995178,15.214
22.515434,72.138914,7.347
22.827262,72.550194,27.619
23.277723,72.990672,97.306
23.444376,73.372825,174.522
23.320959,73.578951,161.234
23.255029,73.62321,103.848
22.954181,73.763326,140.963
22.579049,73.830124,224.843
22.510326,73.835174,351.181
22.09691,73.861568,123.062
21.464171,73.746481,148.597
21.002539,73.620191,171.584
20.86058,73.589228,392.542
20.465609,73.456134,330.426
20.323212,73.425327,576.728
20.072944,73.361887,519.843
19.895398,73.333114,426.2
19.577652,73.311158,167.075
19.331943,73.322282,33.32
18.910097,73.341257,57.233
18.631962,73.392167,694.227
18.420537,73.401577,527.97
18.20855,73.410423,67.372
17.857197,73.4616,340.25
17.786096,73.464144,65.221
17.297501,73.594677,156.376
17.261801,73.595861,95.546
16.768145,73.687467,85.752
16.418975,73.81077,297.326
16.177216,73.930499,320.961
15.934955,74.049806,797.921
15.761291,74.129575,81
15.623786,74.208452,137.573
15.380174,74.326583,594.814
15.163975,74.367388,763.202
14.666412,74.561194,297.122
14.244418,74.790784,547.204
14.644868,75.906379,565.813
15.055544,76.933744,482.51
15.153143,77.263268,427.67
15.284235,77.590636,445.445
15.372978,77.844825,456.581
15.501737,78.171049,417.677
15.506061,78.243748,345.33
15.633117,78.569163,232.476
15.749141,78.712846,569.038
16.124995,79.069495,535.122
16.458223,79.31822,280.59
16.714289,79.459571,164.282
16.898363,79.601796,127.989
17.074894,79.598973,154.92
17.249767,79.559986,226.033
17.240686,79.342958,237.903
16.847267,77.859454,508.47
16.776462,77.275588,457.173
16.765952,76.612341,467.844
16.794634,76.020316,579.413
16.89273,75.458937,654.675
16.95156,75.307638,702.386
17.243731,74.961914,599.292
17.305451,74.847453,643.46
17.47692,74.767217,719.613
18.053775,74.862981,517.245
18.278141,75.006926,502.688
19.220564,76.396946,412.868
19.619494,77.866688,417.356
19.942375,78.850021,229.799
20.182288,79.721825,215.857
20.477267,80.336207,265.67
20.658648,80.69721,367.916
20.906715,81.021004,321.725
21.080488,81.127545,293
21.215322,81.051973,325.285
21.301202,80.391899,322.043
21.292914,80.099093,337.176
20.915397,78.26904,288.709
20.838093,78.086381,315.721
20.671664,77.499256,317.898
20.610637,76.419102,448.039
20.608391,76.381744,377.573
20.738398,75.699258,297.171
21.036508,75.496408,195.249
21.346256,75.480586,519.911
21.449405,75.475168,539.511
21.76844,75.610736,272.314
22.305966,76.569062,317.895
22.400135,77.055115,300.887
22.604659,79.510358,611.305
22.657857,81.649662,978.877
22.873008,82.492448,360.448
23.044857,82.711452,488.967
23.110804,82.526513,427.424
23.200579,81.640068,454.661
23.213334,80.604221,565.265
23.131141,80.050678,404.708
23.026287,78.90129,345.05
22.995624,78.117031,331.718
22.981168,77.78,488.403
23.008573,77.628536,446.244
23.505868,77.303692,508.09
24.269591,77.605813,512
24.596997,78.120125,402.003
24.672534,79.325771,294.271
24.39855,80.498153,513.388
24.311098,81.172306,477.753
24.428531,82.175761,248.438
24.669064,82.470489,274.516
25.145813,82.726393,82.662
25.315205,82.72456,85.959
25.649987,82.26947,87.759
25.714653,82.00498,97.574
25.427635,81.032756,107.724
24.447107,79.747637,485.275
23.121502,78.711283,336.894
22.146815,78.225618,451.498
21.972826,78.157474,755.997
20.541369,77.651848,382.913
19.980572,77.486193,360.568
19.631262,77.424153,443.008
19.35339,77.432139,443.214
18.904872,78.17957,351.332
19.099205,79.417242,238.728
19.735355,80.859688,582.565
20.588939,82.408024,728.406
21.144404,83.312126,198.458
21.144554,83.348518,191.318
20.01346,83.174165,217
18.585683,82.175751,268.839
18.515612,82.140452,247.848
18.373489,81.961932,193
18.479026,82.032803,281.502
19.739496,83.392833,418.441
20.5298,83.968988,377.066
21.179547,84.404155,269.59
21.89324,84.770487,266.116
22.808618,85.141785,515.681
23.314703,85.478108,618.829
23.381034,85.626784,500.213
23.03688,85.993235,175.03
22.048999,86.092411,458.875
21.672142,86.198655,934.591
21.05432,86.375078,21.339
20.641589,86.444174,8.881
20.576662,86.260855,10.974
20.514375,85.895647,30.891
20.347431,85.567092,33.082
20.247303,85.312328,51
20.146126,85.130458,68
19.943461,84.731129,102.356
19.808215,84.405122,103.172
19.739973,84.224349,600.889
19.705792,84.079794,775.535
19.428224,83.178039,799.534
19.032458,81.918625,548.821
18.95473,81.486386,461.387
18.952156,81.378004,484.455
